{"cameraMode":{"drawMode":0,"name":"Shaded","section":"Shading Mode"},"sceneLighting":false,"audioPlay":false,"sceneViewState":{"m_AlwaysRefresh":false,"showFog":true,"showSkybox":false,"showFlares":true,"showImageEffects":true,"showParticleSystems":true,"showVisualEffectGraphs":true,"m_FxEnabled":true},"in2DMode":false,"pivot":{"x":0.3128439784049988,"y":1.6863921880722047,"z":-0.25804662704467776},"rotation":{"x":0.000288269977318123,"y":-0.9997146725654602,"z":0.016806473955512048,"w":0.017103593796491624},"size":5.150821685791016,"orthographic":false}