{"cameraMode":{"drawMode":0,"name":"Shaded","section":"Shading Mode"},"sceneLighting":false,"audioPlay":false,"sceneViewState":{"m_AlwaysRefresh":false,"showFog":true,"showSkybox":false,"showFlares":true,"showImageEffects":true,"showParticleSystems":true,"showVisualEffectGraphs":true,"m_FxEnabled":true},"in2DMode":false,"pivot":{"x":0.540897786617279,"y":-0.3067340850830078,"z":-0.5291259288787842},"rotation":{"x":-0.5027545690536499,"y":0.008295860141515732,"z":-0.004825236741453409,"w":-0.8643746376037598},"size":1.6239852905273438,"orthographic":false}