{"cameraMode":{"drawMode":0,"name":"Shaded","section":"Shading Mode"},"sceneLighting":true,"audioPlay":false,"sceneViewState":{"m_AlwaysRefresh":false,"showFog":true,"showSkybox":true,"showFlares":true,"showImageEffects":true,"showParticleSystems":true,"showVisualEffectGraphs":true,"m_FxEnabled":true},"in2DMode":false,"pivot":{"x":20.362348556518556,"y":-39.66181182861328,"z":11.006698608398438},"rotation":{"x":0.49103063344955447,"y":-0.010182873345911503,"z":0.00573987141251564,"w":0.8710656762123108},"size":83.47918701171875,"orthographic":false}