{"cameraMode":{"drawMode":0,"name":"Shaded","section":"Shading Mode"},"sceneLighting":false,"audioPlay":false,"sceneViewState":{"m_AlwaysRefresh":false,"showFog":true,"showSkybox":false,"showFlares":true,"showImageEffects":true,"showParticleSystems":true,"showVisualEffectGraphs":true,"m_FxEnabled":true},"in2DMode":false,"pivot":{"x":-1.1141868829727173,"y":0.9350721836090088,"z":-1.1190762519836426},"rotation":{"x":-0.1463150829076767,"y":-0.28297892212867739,"z":0.04372664913535118,"w":-0.9468887448310852},"size":1.6322078704833985,"orthographic":false}