{"cameraMode":{"drawMode":0,"name":"Shaded","section":"Shading Mode"},"sceneLighting":false,"audioPlay":false,"sceneViewState":{"m_AlwaysRefresh":false,"showFog":true,"showSkybox":false,"showFlares":true,"showImageEffects":true,"showParticleSystems":true,"showVisualEffectGraphs":true,"m_FxEnabled":true},"in2DMode":false,"pivot":{"x":2.7983579635620119,"y":2.41763973236084,"z":11.505104064941407},"rotation":{"x":-0.12893074750900269,"y":0.016953757032752038,"z":-0.002204504096880555,"w":-0.9915039539337158},"size":20.39967155456543,"orthographic":false}