{"cameraMode":{"drawMode":0,"name":"Shaded","section":"Shading Mode"},"sceneLighting":true,"audioPlay":false,"sceneViewState":{"m_AlwaysRefresh":false,"showFog":true,"showSkybox":true,"showFlares":true,"showImageEffects":true,"showParticleSystems":true,"showVisualEffectGraphs":true,"m_FxEnabled":true},"in2DMode":false,"pivot":{"x":32.098392486572269,"y":-66.82968139648438,"z":92.38297271728516},"rotation":{"x":-0.2972036302089691,"y":-0.016615355387330056,"z":0.005172703880816698,"w":-0.9546559453010559},"size":68.73303985595703,"orthographic":false}