{"cameraMode":{"drawMode":0,"name":"Shaded","section":"Shading Mode"},"sceneLighting":true,"audioPlay":false,"sceneViewState":{"m_AlwaysRefresh":false,"showFog":true,"showSkybox":true,"showFlares":true,"showImageEffects":true,"showParticleSystems":true,"showVisualEffectGraphs":true,"m_FxEnabled":true},"in2DMode":false,"pivot":{"x":0.4510195851325989,"y":15.304583549499512,"z":33.17658233642578},"rotation":{"x":0.004734428599476814,"y":0.9707926511764526,"z":-0.23911310732364655,"w":0.01922030560672283},"size":5.087551116943359,"orthographic":true}