{"cameraMode":{"drawMode":0,"name":"Shaded","section":"Shading Mode"},"sceneLighting":true,"audioPlay":false,"sceneViewState":{"m_AlwaysRefresh":false,"showFog":true,"showSkybox":true,"showFlares":true,"showImageEffects":true,"showParticleSystems":true,"showVisualEffectGraphs":true,"m_FxEnabled":true},"in2DMode":false,"pivot":{"x":12.179460525512696,"y":7.074023246765137,"z":2.657687187194824},"rotation":{"x":0.43439486622810366,"y":-0.010807731188833714,"z":0.005214294884353876,"w":0.9006484746932983},"size":99.67996978759766,"orthographic":false}