{"cameraMode":{"drawMode":0,"name":"Shaded","section":"Shading Mode"},"sceneLighting":true,"audioPlay":false,"sceneViewState":{"m_AlwaysRefresh":false,"showFog":true,"showSkybox":true,"showFlares":true,"showImageEffects":true,"showParticleSystems":true,"showVisualEffectGraphs":true,"m_FxEnabled":true},"in2DMode":false,"pivot":{"x":-47.01567840576172,"y":-10.115805625915528,"z":-17.52163314819336},"rotation":{"x":0.3920774757862091,"y":0.006899945437908173,"z":-0.0029393103905022146,"w":0.9199076890945435},"size":24.676963806152345,"orthographic":false}