{"cameraMode":{"drawMode":0,"name":"Shaded","section":"Shading Mode"},"sceneLighting":true,"audioPlay":false,"sceneViewState":{"m_AlwaysRefresh":false,"showFog":true,"showSkybox":true,"showFlares":true,"showImageEffects":true,"showParticleSystems":true,"showVisualEffectGraphs":true,"m_FxEnabled":true},"in2DMode":false,"pivot":{"x":-45.216941833496097,"y":62.19070053100586,"z":-7.006153106689453},"rotation":{"x":0.2019806057214737,"y":-0.013221240602433682,"z":0.002727055922150612,"w":0.9792987704277039},"size":19.67604637145996,"orthographic":false}