{"cameraMode":{"drawMode":0,"name":"Shaded","section":"Shading Mode"},"sceneLighting":true,"audioPlay":false,"sceneViewState":{"m_AlwaysRefresh":false,"showFog":true,"showSkybox":true,"showFlares":true,"showImageEffects":true,"showParticleSystems":true,"showVisualEffectGraphs":true,"m_FxEnabled":true},"in2DMode":false,"pivot":{"x":-25.761577606201173,"y":-0.6298179626464844,"z":-14.000322341918946},"rotation":{"x":-0.26631754636764529,"y":0.34751641750335696,"z":-0.10363149642944336,"w":-0.8930684328079224},"size":12.379505157470704,"orthographic":false}