{"cameraMode":{"drawMode":0,"name":"Shaded","section":"Shading Mode"},"sceneLighting":true,"audioPlay":false,"sceneViewState":{"m_AlwaysRefresh":false,"showFog":true,"showSkybox":true,"showFlares":true,"showImageEffects":true,"showParticleSystems":true,"showVisualEffectGraphs":true,"m_FxEnabled":true},"in2DMode":false,"pivot":{"x":3.8700098991394045,"y":-98.63099670410156,"z":-48.644737243652347},"rotation":{"x":-0.5385949015617371,"y":-0.009607341140508652,"z":0.006141881458461285,"w":-0.8424887657165527},"size":158.84274291992188,"orthographic":false}