{"cameraMode":{"drawMode":0,"name":"Shaded","section":"Shading Mode"},"sceneLighting":true,"audioPlay":false,"sceneViewState":{"m_AlwaysRefresh":false,"showFog":true,"showSkybox":false,"showFlares":true,"showImageEffects":true,"showParticleSystems":true,"showVisualEffectGraphs":true,"m_FxEnabled":true},"in2DMode":false,"pivot":{"x":-59.96186065673828,"y":7.4684882164001469,"z":30.454055786132814},"rotation":{"x":-0.07822933048009873,"y":-0.002395693678408861,"z":0.00018753825861494988,"w":-0.9969289898872376},"size":4.22474479675293,"orthographic":false}