{"cameraMode":{"drawMode":0,"name":"Shaded","section":"Shading Mode"},"sceneLighting":true,"audioPlay":false,"sceneViewState":{"m_AlwaysRefresh":false,"showFog":true,"showSkybox":true,"showFlares":true,"showImageEffects":true,"showParticleSystems":true,"showVisualEffectGraphs":true,"m_FxEnabled":true},"in2DMode":false,"pivot":{"x":-46.12474060058594,"y":-17.15418243408203,"z":55.038787841796878},"rotation":{"x":-0.2728038430213928,"y":-0.0037546101957559587,"z":0.0010646798182278872,"w":-0.9620591402053833},"size":114.040283203125,"orthographic":false}