{"cameraMode":{"drawMode":0,"name":"Shaded","section":"Shading Mode"},"sceneLighting":false,"audioPlay":false,"sceneViewState":{"m_AlwaysRefresh":false,"showFog":true,"showSkybox":false,"showFlares":true,"showImageEffects":true,"showParticleSystems":true,"showVisualEffectGraphs":true,"m_FxEnabled":true},"in2DMode":false,"pivot":{"x":1.9499545097351075,"y":-0.1707262396812439,"z":-0.06418442726135254},"rotation":{"x":-0.08903631567955017,"y":-0.5285815596580505,"z":0.055871471762657168,"w":-0.8423465490341187},"size":3.1239850521087648,"orthographic":false}