{"cameraMode":{"drawMode":0,"name":"Shaded","section":"Shading Mode"},"sceneLighting":false,"audioPlay":false,"sceneViewState":{"m_AlwaysRefresh":false,"showFog":true,"showSkybox":false,"showFlares":true,"showImageEffects":true,"showParticleSystems":true,"showVisualEffectGraphs":true,"m_FxEnabled":true},"in2DMode":false,"pivot":{"x":-0.8348032236099243,"y":3.8433451652526857,"z":2.6803555488586427},"rotation":{"x":-0.2972036302089691,"y":-0.016615355387330056,"z":0.005172703880816698,"w":-0.9546559453010559},"size":4.128090858459473,"orthographic":false}